consumer_ratings,revenue,production_cost,name
20,583.4151553291058,75.52957255379171,Enchanted Unicorn Interactive Toy
30,228.30020362835702,86.79568902475194,Live Cuddle Kitten
40,248.48599889756318,69.43496686897832,Furr Real Roarin' Tiger
50,779.1461114179317,80.15166263606758,LionBot Xtreme
60,834.4553179717693,35.72705024053919,Ragnarok Hammer
70,534.469845147209,13.3498546213624,Ice Fortress Mega Zoid
80,664.1986301719447,64.66822778934258,Mecha-Bat Cave Playset
90,212.60573941416916,13.83541132578181,Firestarter
